Operation,Operation_Type,Gas_Estimate,Gas_Used,Execution_Time_ms,Status,Notes
"Deployment (MetadataBlockchain)","Contract Creation","1521519","1508380","1015.59","SUCCESS","Contract Address: 0x3A220f351252089D385b29beca14e27F204c296A"
"Deployment (DataStore)","Contract Creation","540507","535093","1009.25","SUCCESS","Contract Address: 0xdB7d6AB1f17c6b31909aE466702703dAEf9269Cf"
"addFork (Node B, NetID=22)","State Mutation (Write)","160076","158863","1008.72","SUCCESS","Parent NetID=11, Tree Depth=1"
"addFork (Node G, NetID=77)","State Mutation (Write)","142908","141763","1010.61","SUCCESS","Parent NetID=11, Tree Depth=1"
"addFork (Node C, NetID=33)","State Mutation (Write)","142908","141763","1007.98","SUCCESS","Parent NetID=22, Tree Depth=2"
"addFork (Node F, NetID=66)","State Mutation (Write)","142908","141763","1009.38","SUCCESS","Parent NetID=22, Tree Depth=2"
"addFork (Node D, NetID=44)","State Mutation (Write)","142908","141763","1009.79","SUCCESS","Parent NetID=33, Tree Depth=3"
"addFork (Node E, NetID=55)","State Mutation (Write)","142908","141763","1009.42","SUCCESS","Parent NetID=44, Tree Depth=4"
"addFork (Node H, NetID=88)","State Mutation (Write)","142908","141763","1006.34","SUCCESS","Parent NetID=77, Tree Depth=2"
"addFork (Node I, NetID=99)","State Mutation (Write)","142908","141763","1006.80","SUCCESS","Parent NetID=88, Tree Depth=3"
"addDataPoint (d=1)","State Mutation (Write)","136662","135541","1008.01","SUCCESS","NetID=20, Data=100"
"addDataPoint (d=2)","State Mutation (Write)","122305","121241","1008.25","SUCCESS","NetID=30, Data=200"
"addDataPoint (d=3)","State Mutation (Write)","122317","121253","1008.35","SUCCESS","NetID=40, Data=300"
"addDataPoint (d=4)","State Mutation (Write)","122317","121253","1008.29","SUCCESS","NetID=50, Data=400"
"addDataPoint (d=5)","State Mutation (Write)","122317","121253","1008.21","SUCCESS","NetID=60, Data=500"
"getAllDataPoints & Filter","View Call (Read)","0","0","2.92","SUCCESS","Retrieved 5 points, matched: 0"